{
	"credit": "Made with Blockbench",
	"textures": {
		"1": "items/dragon_fang"
	},
	"elements": [
		{
			"from": [7.5, 7.5, 7.5],
			"to": [8.5, 9.5, 8.5],
			"rotation": {"angle": 0, "axis": "y", "origin": [8, 8, 8]},
			"faces": {
				"north": {"uv": [12, 0, 13, 2], "texture": "#1"},
				"east": {"uv": [12, 2, 13, 4], "texture": "#1"},
				"south": {"uv": [12, 4, 13, 6], "texture": "#1"},
				"west": {"uv": [6, 12, 7, 14], "texture": "#1"},
				"up": {"uv": [14, 13, 13, 12], "texture": "#1"},
				"down": {"uv": [14, 13, 13, 14], "texture": "#1"}
			}
		},
		{
			"from": [7.5, 7.5, 6.5],
			"to": [8.5, 10.5, 7.5],
			"rotation": {"angle": 0, "axis": "y", "origin": [8, 8, 8]},
			"faces": {
				"north": {"uv": [1, 5, 2, 8], "texture": "#1"},
				"east": {"uv": [2, 5, 3, 8], "texture": "#1"},
				"south": {"uv": [3, 5, 4, 8], "texture": "#1"},
				"west": {"uv": [5, 4, 6, 7], "texture": "#1"},
				"up": {"uv": [15, 1, 14, 0], "texture": "#1"},
				"down": {"uv": [2, 14, 1, 15], "texture": "#1"}
			}
		},
		{
			"from": [7.5, 8.5, 5.5],
			"to": [8.5, 11.5, 6.5],
			"rotation": {"angle": 0, "axis": "y", "origin": [8, 8, 8]},
			"faces": {
				"north": {"uv": [6, 0, 7, 3], "texture": "#1"},
				"east": {"uv": [6, 3, 7, 6], "texture": "#1"},
				"south": {"uv": [6, 6, 7, 9], "texture": "#1"},
				"west": {"uv": [7, 0, 8, 3], "texture": "#1"},
				"up": {"uv": [15, 2, 14, 1], "texture": "#1"},
				"down": {"uv": [3, 14, 2, 15], "texture": "#1"}
			}
		},
		{
			"from": [7.5, 9.5, 4.5],
			"to": [8.5, 13.5, 5.5],
			"rotation": {"angle": 0, "axis": "y", "origin": [8, 8, 8]},
			"faces": {
				"north": {"uv": [4, 0, 5, 4], "texture": "#1"},
				"east": {"uv": [4, 4, 5, 8], "texture": "#1"},
				"south": {"uv": [0, 5, 1, 9], "texture": "#1"},
				"west": {"uv": [5, 0, 6, 4], "texture": "#1"},
				"up": {"uv": [15, 3, 14, 2], "texture": "#1"},
				"down": {"uv": [4, 14, 3, 15], "texture": "#1"}
			}
		},
		{
			"from": [7.5, 12.5, 5.5],
			"to": [8.5, 14.5, 6.5],
			"rotation": {"angle": 0, "axis": "y", "origin": [8, 8, 8]},
			"faces": {
				"north": {"uv": [12, 6, 13, 8], "texture": "#1"},
				"east": {"uv": [7, 12, 8, 14], "texture": "#1"},
				"south": {"uv": [8, 12, 9, 14], "texture": "#1"},
				"west": {"uv": [12, 8, 13, 10], "texture": "#1"},
				"up": {"uv": [15, 4, 14, 3], "texture": "#1"},
				"down": {"uv": [5, 14, 4, 15], "texture": "#1"}
			}
		},
		{
			"from": [7.5, 10.5, 3.5],
			"to": [8.5, 13.5, 4.5],
			"rotation": {"angle": 0, "axis": "y", "origin": [8, 8, 8]},
			"faces": {
				"north": {"uv": [7, 3, 8, 6], "texture": "#1"},
				"east": {"uv": [5, 7, 6, 10], "texture": "#1"},
				"south": {"uv": [7, 6, 8, 9], "texture": "#1"},
				"west": {"uv": [8, 0, 9, 3], "texture": "#1"},
				"up": {"uv": [15, 5, 14, 4], "texture": "#1"},
				"down": {"uv": [15, 5, 14, 6], "texture": "#1"}
			}
		},
		{
			"from": [7.5, 9.5, 2.5],
			"to": [8.5, 14.5, 3.5],
			"rotation": {"angle": 0, "axis": "y", "origin": [8, 8, 8]},
			"faces": {
				"north": {"uv": [0, 0, 1, 5], "texture": "#1"},
				"east": {"uv": [1, 0, 2, 5], "texture": "#1"},
				"south": {"uv": [2, 0, 3, 5], "texture": "#1"},
				"west": {"uv": [3, 0, 4, 5], "texture": "#1"},
				"up": {"uv": [7, 15, 6, 14], "texture": "#1"},
				"down": {"uv": [15, 6, 14, 7], "texture": "#1"}
			}
		},
		{
			"from": [7.5, 9.5, 1.5],
			"to": [8.5, 10.5, 2.5],
			"rotation": {"angle": 0, "axis": "y", "origin": [8, 8, 8]},
			"faces": {
				"north": {"uv": [7, 14, 8, 15], "texture": "#1"},
				"east": {"uv": [14, 7, 15, 8], "texture": "#1"},
				"south": {"uv": [8, 14, 9, 15], "texture": "#1"},
				"west": {"uv": [14, 8, 15, 9], "texture": "#1"},
				"up": {"uv": [10, 15, 9, 14], "texture": "#1"},
				"down": {"uv": [15, 9, 14, 10], "texture": "#1"}
			}
		},
		{
			"from": [7.5, 12.5, 1.5],
			"to": [8.5, 15.5, 2.5],
			"rotation": {"angle": 0, "axis": "y", "origin": [8, 8, 8]},
			"faces": {
				"north": {"uv": [1, 8, 2, 11], "texture": "#1"},
				"east": {"uv": [2, 8, 3, 11], "texture": "#1"},
				"south": {"uv": [3, 8, 4, 11], "texture": "#1"},
				"west": {"uv": [8, 3, 9, 6], "texture": "#1"},
				"up": {"uv": [11, 15, 10, 14], "texture": "#1"},
				"down": {"uv": [15, 10, 14, 11], "texture": "#1"}
			}
		},
		{
			"from": [7.5, 13.5, 0.5],
			"to": [8.5, 16.5, 1.5],
			"rotation": {"angle": 0, "axis": "y", "origin": [8, 8, 8]},
			"faces": {
				"north": {"uv": [4, 8, 5, 11], "texture": "#1"},
				"east": {"uv": [8, 6, 9, 9], "texture": "#1"},
				"south": {"uv": [0, 9, 1, 12], "texture": "#1"},
				"west": {"uv": [9, 0, 10, 3], "texture": "#1"},
				"up": {"uv": [12, 15, 11, 14], "texture": "#1"},
				"down": {"uv": [15, 11, 14, 12], "texture": "#1"}
			}
		},
		{
			"from": [7.5, 14.5, -0.5],
			"to": [8.5, 17.5, 0.5],
			"rotation": {"angle": 0, "axis": "y", "origin": [8, 8, 8]},
			"faces": {
				"north": {"uv": [9, 3, 10, 6], "texture": "#1"},
				"east": {"uv": [6, 9, 7, 12], "texture": "#1"},
				"south": {"uv": [9, 6, 10, 9], "texture": "#1"},
				"west": {"uv": [7, 9, 8, 12], "texture": "#1"},
				"up": {"uv": [13, 15, 12, 14], "texture": "#1"},
				"down": {"uv": [15, 12, 14, 13], "texture": "#1"}
			}
		},
		{
			"from": [7.5, 15.5, -1.5],
			"to": [8.5, 18.5, -0.5],
			"rotation": {"angle": 0, "axis": "y", "origin": [8, 8, 8]},
			"faces": {
				"north": {"uv": [8, 9, 9, 12], "texture": "#1"},
				"east": {"uv": [9, 9, 10, 12], "texture": "#1"},
				"south": {"uv": [10, 0, 11, 3], "texture": "#1"},
				"west": {"uv": [10, 3, 11, 6], "texture": "#1"},
				"up": {"uv": [14, 15, 13, 14], "texture": "#1"},
				"down": {"uv": [15, 13, 14, 14], "texture": "#1"}
			}
		},
		{
			"from": [7.5, 16.5, -2.5],
			"to": [8.5, 19.5, -1.5],
			"rotation": {"angle": 0, "axis": "y", "origin": [8, 8, 8]},
			"faces": {
				"north": {"uv": [5, 10, 6, 13], "texture": "#1"},
				"east": {"uv": [10, 6, 11, 9], "texture": "#1"},
				"south": {"uv": [10, 9, 11, 12], "texture": "#1"},
				"west": {"uv": [11, 0, 12, 3], "texture": "#1"},
				"up": {"uv": [15, 15, 14, 14], "texture": "#1"},
				"down": {"uv": [1, 15, 0, 16], "texture": "#1"}
			}
		},
		{
			"from": [7.5, 17.5, -3.5],
			"to": [8.5, 20.5, -2.5],
			"rotation": {"angle": 0, "axis": "y", "origin": [8, 8, 8]},
			"faces": {
				"north": {"uv": [1, 11, 2, 14], "texture": "#1"},
				"east": {"uv": [2, 11, 3, 14], "texture": "#1"},
				"south": {"uv": [3, 11, 4, 14], "texture": "#1"},
				"west": {"uv": [11, 3, 12, 6], "texture": "#1"},
				"up": {"uv": [16, 1, 15, 0], "texture": "#1"},
				"down": {"uv": [2, 15, 1, 16], "texture": "#1"}
			}
		},
		{
			"from": [7.5, 18.5, -4.5],
			"to": [8.5, 20.5, -3.5],
			"rotation": {"angle": 0, "axis": "y", "origin": [8, 8, 8]},
			"faces": {
				"north": {"uv": [9, 12, 10, 14], "texture": "#1"},
				"east": {"uv": [10, 12, 11, 14], "texture": "#1"},
				"south": {"uv": [12, 10, 13, 12], "texture": "#1"},
				"west": {"uv": [11, 12, 12, 14], "texture": "#1"},
				"up": {"uv": [16, 2, 15, 1], "texture": "#1"},
				"down": {"uv": [3, 15, 2, 16], "texture": "#1"}
			}
		},
		{
			"from": [7.5, 18.5, -5.5],
			"to": [8.5, 21.5, -4.5],
			"rotation": {"angle": 0, "axis": "y", "origin": [8, 8, 8]},
			"faces": {
				"north": {"uv": [4, 11, 5, 14], "texture": "#1"},
				"east": {"uv": [11, 6, 12, 9], "texture": "#1"},
				"south": {"uv": [11, 9, 12, 12], "texture": "#1"},
				"west": {"uv": [0, 12, 1, 15], "texture": "#1"},
				"up": {"uv": [16, 3, 15, 2], "texture": "#1"},
				"down": {"uv": [4, 15, 3, 16], "texture": "#1"}
			}
		},
		{
			"from": [7.5, 19.5, -6.5],
			"to": [8.5, 21.5, -5.5],
			"rotation": {"angle": 0, "axis": "y", "origin": [8, 8, 8]},
			"faces": {
				"north": {"uv": [12, 12, 13, 14], "texture": "#1"},
				"east": {"uv": [13, 0, 14, 2], "texture": "#1"},
				"south": {"uv": [13, 2, 14, 4], "texture": "#1"},
				"west": {"uv": [13, 4, 14, 6], "texture": "#1"},
				"up": {"uv": [16, 4, 15, 3], "texture": "#1"},
				"down": {"uv": [5, 15, 4, 16], "texture": "#1"}
			}
		},
		{
			"from": [7.5, 19.5, -7.5],
			"to": [8.5, 21.5, -6.5],
			"rotation": {"angle": 0, "axis": "y", "origin": [8, 8, 8]},
			"faces": {
				"north": {"uv": [5, 13, 6, 15], "texture": "#1"},
				"east": {"uv": [13, 6, 14, 8], "texture": "#1"},
				"south": {"uv": [13, 8, 14, 10], "texture": "#1"},
				"west": {"uv": [13, 10, 14, 12], "texture": "#1"},
				"up": {"uv": [16, 5, 15, 4], "texture": "#1"},
				"down": {"uv": [6, 15, 5, 16], "texture": "#1"}
			}
		},
		{
			"from": [7.5, 20.5, -8.5],
			"to": [8.5, 21.5, -7.5],
			"rotation": {"angle": 0, "axis": "y", "origin": [8, 8, 8]},
			"faces": {
				"north": {"uv": [15, 5, 16, 6], "texture": "#1"},
				"east": {"uv": [6, 15, 7, 16], "texture": "#1"},
				"south": {"uv": [15, 6, 16, 7], "texture": "#1"},
				"west": {"uv": [7, 15, 8, 16], "texture": "#1"},
				"up": {"uv": [16, 8, 15, 7], "texture": "#1"},
				"down": {"uv": [9, 15, 8, 16], "texture": "#1"}
			}
		}
	],
	"display": {
		"thirdperson_righthand": {
			"rotation": [-39, -180, 0],
			"translation": [0, -4.25, 1.5]
		},
		"thirdperson_lefthand": {
			"rotation": [-47, -180, 0],
			"translation": [0, -4.25, 1.75]
		},
		"firstperson_righthand": {
			"rotation": [-40, -180, -7],
			"translation": [3, -3.5, 0],
			"scale": [0.8, 0.8, 0.8]
		},
		"firstperson_lefthand": {
			"rotation": [-40, -180, -7],
			"translation": [3, -3.5, 0],
			"scale": [0.8, 0.8, 0.8]
		},
		"ground": {
			"rotation": [100, 0, 0],
			"translation": [0.25, 0.75, -3.25],
			"scale": [0.5, 0.5, 0.5]
		},
		"gui": {
			"rotation": [90, 0, -90],
			"translation": [-6.75, -8.25, 0]
		},
		"head": {
			"translation": [0, 8, 0]
		},
		"fixed": {
			"rotation": [90, 0, 90],
			"translation": [6.5, -8, 0]
		}
	},
	"groups": [
		{
			"name": "group",
			"origin": [8, 8, 8],
			"color": 0,
			"children": [0, 1, 2, 3, 4, 5, 6, 7, 8, 9, 10, 11, 12, 13, 14, 15, 16, 17, 18]
		}
	]
}