{
	"credit": "Made with Blockbench",
	"textures": {
		"3": "items/druid_staff",
		"particle": "items/leaves_green"
	},
	"elements": [
		{
			"name": "branch",
			"from": [7.5, 16.5, 8.4],
			"to": [7.9, 17.5, 8.9],
			"rotation": {"angle": 0, "axis": "y", "origin": [7.5, 7.5, 7.5]},
			"faces": {
				"north": {"uv": [6, 2, 7, 3], "texture": "#3"},
				"east": {"uv": [6, 3, 7, 4], "texture": "#3"},
				"south": {"uv": [4, 6, 5, 7], "texture": "#3"},
				"west": {"uv": [6, 4, 7, 5], "texture": "#3"},
				"up": {"uv": [6, 7, 5, 6], "texture": "#3"},
				"down": {"uv": [7, 5, 6, 6], "texture": "#3"}
			}
		},
		{
			"name": "branch",
			"from": [7.5, 16, 8.4],
			"to": [7.9, 16.5, 8.7],
			"rotation": {"angle": 0, "axis": "y", "origin": [7.5, 7.5, 7.5]},
			"faces": {
				"north": {"uv": [15, 1, 16, 2], "texture": "#3"},
				"east": {"uv": [2, 15, 3, 16], "texture": "#3"},
				"south": {"uv": [15, 2, 16, 3], "texture": "#3"},
				"west": {"uv": [3, 15, 4, 16], "texture": "#3"},
				"up": {"uv": [16, 4, 15, 3], "texture": "#3"},
				"down": {"uv": [5, 15, 4, 16], "texture": "#3"}
			}
		},
		{
			"name": "branch",
			"from": [7.5, 17.3, 8.9],
			"to": [7.9, 18.3, 9.2],
			"rotation": {"angle": 0, "axis": "y", "origin": [7.5, 7.5, 7.5]},
			"faces": {
				"north": {"uv": [6, 6, 7, 7], "texture": "#3"},
				"east": {"uv": [7, 0, 8, 1], "texture": "#3"},
				"south": {"uv": [7, 1, 8, 2], "texture": "#3"},
				"west": {"uv": [7, 2, 8, 3], "texture": "#3"},
				"up": {"uv": [8, 4, 7, 3], "texture": "#3"},
				"down": {"uv": [5, 7, 4, 8], "texture": "#3"}
			}
		},
		{
			"name": "branch",
			"from": [7.6, 18.3, 9],
			"to": [7.9, 19.3, 9.3],
			"rotation": {"angle": 0, "axis": "y", "origin": [7.5, 7.5, 7.5]},
			"faces": {
				"north": {"uv": [7, 4, 8, 5], "texture": "#3"},
				"east": {"uv": [5, 7, 6, 8], "texture": "#3"},
				"south": {"uv": [7, 5, 8, 6], "texture": "#3"},
				"west": {"uv": [6, 7, 7, 8], "texture": "#3"},
				"up": {"uv": [8, 7, 7, 6], "texture": "#3"},
				"down": {"uv": [8, 7, 7, 8], "texture": "#3"}
			}
		},
		{
			"name": "branch",
			"from": [6.9, 17.1, 8.4],
			"to": [7.5, 17.5, 8.9],
			"rotation": {"angle": 0, "axis": "z", "origin": [7.5, 7.5, 7.5]},
			"faces": {
				"north": {"uv": [8, 0, 9, 1], "texture": "#3"},
				"east": {"uv": [8, 1, 9, 2], "texture": "#3"},
				"south": {"uv": [8, 2, 9, 3], "texture": "#3"},
				"west": {"uv": [8, 3, 9, 4], "texture": "#3"},
				"up": {"uv": [5, 9, 4, 8], "texture": "#3"},
				"down": {"uv": [9, 4, 8, 5], "texture": "#3"}
			}
		},
		{
			"name": "branch",
			"from": [6.7, 17.5, 8.3],
			"to": [7.1, 18.5, 8.7],
			"rotation": {"angle": 0, "axis": "y", "origin": [7.5, 7.5, 7.5]},
			"faces": {
				"north": {"uv": [5, 2, 6, 3], "texture": "#3"},
				"east": {"uv": [5, 3, 6, 4], "texture": "#3"},
				"south": {"uv": [5, 4, 6, 5], "texture": "#3"},
				"west": {"uv": [5, 5, 6, 6], "texture": "#3"},
				"up": {"uv": [7, 1, 6, 0], "texture": "#3"},
				"down": {"uv": [7, 1, 6, 2], "texture": "#3"}
			}
		},
		{
			"name": "branch",
			"from": [7.1, 17.3, 7.9],
			"to": [7.5, 17.8, 8.2],
			"rotation": {"angle": 0, "axis": "y", "origin": [7.5, 7.5, 7.5]},
			"faces": {
				"north": {"uv": [5, 8, 6, 9], "texture": "#3"},
				"east": {"uv": [8, 5, 9, 6], "texture": "#3"},
				"south": {"uv": [6, 8, 7, 9], "texture": "#3"},
				"west": {"uv": [8, 6, 9, 7], "texture": "#3"},
				"up": {"uv": [8, 9, 7, 8], "texture": "#3"},
				"down": {"uv": [9, 7, 8, 8], "texture": "#3"}
			}
		},
		{
			"name": "branch",
			"from": [6.9, 17.6, 7.6],
			"to": [7.3, 18.3, 7.9],
			"rotation": {"angle": 0, "axis": "y", "origin": [7.5, 7.5, 7.5]},
			"faces": {
				"north": {"uv": [8, 8, 9, 9], "texture": "#3"},
				"east": {"uv": [9, 0, 10, 1], "texture": "#3"},
				"south": {"uv": [9, 1, 10, 2], "texture": "#3"},
				"west": {"uv": [9, 2, 10, 3], "texture": "#3"},
				"up": {"uv": [10, 4, 9, 3], "texture": "#3"},
				"down": {"uv": [5, 9, 4, 10], "texture": "#3"}
			}
		},
		{
			"name": "branch",
			"from": [8, 16.9, 7.55],
			"to": [8.3, 17.4, 8.2],
			"rotation": {"angle": 0, "axis": "x", "origin": [7.5, 7.5, 7.5]},
			"faces": {
				"north": {"uv": [9, 4, 10, 5], "texture": "#3"},
				"east": {"uv": [5, 9, 6, 10], "texture": "#3"},
				"south": {"uv": [9, 5, 10, 6], "texture": "#3"},
				"west": {"uv": [6, 9, 7, 10], "texture": "#3"},
				"up": {"uv": [10, 7, 9, 6], "texture": "#3"},
				"down": {"uv": [8, 9, 7, 10], "texture": "#3"}
			}
		},
		{
			"name": "branch",
			"from": [8, 17.075, 7.15],
			"to": [8.3, 17.45, 7.55],
			"rotation": {"angle": 0, "axis": "x", "origin": [7.5, 7.5, 7.5]},
			"faces": {
				"north": {"uv": [9, 4, 10, 5], "texture": "#3"},
				"east": {"uv": [5, 9, 6, 10], "texture": "#3"},
				"south": {"uv": [9, 5, 10, 6], "texture": "#3"},
				"west": {"uv": [6, 9, 7, 10], "texture": "#3"},
				"up": {"uv": [10, 7, 9, 6], "texture": "#3"},
				"down": {"uv": [8, 9, 7, 10], "texture": "#3"}
			}
		},
		{
			"name": "branch",
			"from": [7.6, 17.2, 7.05],
			"to": [8, 18.2, 7.35],
			"rotation": {"angle": 0, "axis": "y", "origin": [7.5, 7.5, 7.5]},
			"faces": {
				"north": {"uv": [9, 7, 10, 8], "texture": "#3"},
				"east": {"uv": [8, 9, 9, 10], "texture": "#3"},
				"south": {"uv": [9, 8, 10, 9], "texture": "#3"},
				"west": {"uv": [9, 9, 10, 10], "texture": "#3"},
				"up": {"uv": [11, 1, 10, 0], "texture": "#3"},
				"down": {"uv": [11, 1, 10, 2], "texture": "#3"}
			}
		},
		{
			"name": "branch",
			"from": [7.3, 18, 7.05],
			"to": [7.6, 19, 7.35],
			"rotation": {"angle": 0, "axis": "y", "origin": [7.5, 7.5, 7.5]},
			"faces": {
				"north": {"uv": [10, 2, 11, 3], "texture": "#3"},
				"east": {"uv": [10, 3, 11, 4], "texture": "#3"},
				"south": {"uv": [4, 10, 5, 11], "texture": "#3"},
				"west": {"uv": [10, 4, 11, 5], "texture": "#3"},
				"up": {"uv": [6, 11, 5, 10], "texture": "#3"},
				"down": {"uv": [11, 5, 10, 6], "texture": "#3"}
			}
		},
		{
			"name": "branch",
			"from": [8, 16.9, 8.2],
			"to": [8.2, 17.4, 8.3],
			"rotation": {"angle": 0, "axis": "x", "origin": [7.5, 7.5, 7.5]},
			"faces": {
				"north": {"uv": [6, 10, 7, 11], "texture": "#3"},
				"east": {"uv": [10, 6, 11, 7], "texture": "#3"},
				"south": {"uv": [7, 10, 8, 11], "texture": "#3"},
				"west": {"uv": [10, 7, 11, 8], "texture": "#3"},
				"up": {"uv": [9, 11, 8, 10], "texture": "#3"},
				"down": {"uv": [11, 8, 10, 9], "texture": "#3"}
			}
		},
		{
			"name": "branch",
			"from": [8, 17.7, 8],
			"to": [8.3, 18.7, 8.3],
			"rotation": {"angle": 0, "axis": "y", "origin": [7.5, 7.5, 7.5]},
			"faces": {
				"north": {"uv": [9, 10, 10, 11], "texture": "#3"},
				"east": {"uv": [10, 9, 11, 10], "texture": "#3"},
				"south": {"uv": [10, 10, 11, 11], "texture": "#3"},
				"west": {"uv": [11, 0, 12, 1], "texture": "#3"},
				"up": {"uv": [12, 2, 11, 1], "texture": "#3"},
				"down": {"uv": [12, 2, 11, 3], "texture": "#3"}
			}
		},
		{
			"name": "branch",
			"from": [8.3, 18.3, 8],
			"to": [8.6, 18.9, 8.3],
			"rotation": {"angle": 0, "axis": "y", "origin": [7.5, 7.5, 7.5]},
			"faces": {
				"north": {"uv": [11, 3, 12, 4], "texture": "#3"},
				"east": {"uv": [4, 11, 5, 12], "texture": "#3"},
				"south": {"uv": [11, 4, 12, 5], "texture": "#3"},
				"west": {"uv": [5, 11, 6, 12], "texture": "#3"},
				"up": {"uv": [12, 6, 11, 5], "texture": "#3"},
				"down": {"uv": [7, 11, 6, 12], "texture": "#3"}
			}
		},
		{
			"name": "branch",
			"from": [8.6, 18.7, 8.1],
			"to": [8.8, 19, 8.6],
			"rotation": {"angle": 0, "axis": "x", "origin": [7.5, 7.5, 7.5]},
			"faces": {
				"north": {"uv": [11, 6, 12, 7], "texture": "#3"},
				"east": {"uv": [7, 11, 8, 12], "texture": "#3"},
				"south": {"uv": [11, 7, 12, 8], "texture": "#3"},
				"west": {"uv": [8, 11, 9, 12], "texture": "#3"},
				"up": {"uv": [12, 9, 11, 8], "texture": "#3"},
				"down": {"uv": [10, 11, 9, 12], "texture": "#3"}
			}
		},
		{
			"name": "branch",
			"from": [7.475, 18.5, 7.875],
			"to": [7.725, 18.75, 8.125],
			"rotation": {"angle": 0, "axis": "y", "origin": [7.875, 7.875, 7.875]},
			"faces": {
				"north": {"uv": [13, 4, 14, 5], "texture": "#3"},
				"east": {"uv": [5, 13, 6, 14], "texture": "#3"},
				"south": {"uv": [13, 5, 14, 6], "texture": "#3"},
				"west": {"uv": [6, 13, 7, 14], "texture": "#3"},
				"up": {"uv": [14, 7, 13, 6], "texture": "#3"},
				"down": {"uv": [8, 13, 7, 14], "texture": "#3"}
			}
		},
		{
			"name": "base",
			"from": [7.5, 1.5, 7.9],
			"to": [8, 16.5, 8.4],
			"rotation": {"angle": 0, "axis": "y", "origin": [8, 8, 8]},
			"faces": {
				"north": {"uv": [0, 0, 1, 15], "texture": "#3"},
				"east": {"uv": [1, 0, 2, 15], "texture": "#3"},
				"south": {"uv": [2, 0, 3, 15], "texture": "#3"},
				"west": {"uv": [3, 0, 4, 15], "texture": "#3"},
				"up": {"uv": [15, 1, 14, 0], "texture": "#3"},
				"down": {"uv": [15, 1, 14, 2], "texture": "#3"}
			}
		},
		{
			"name": "branch_out",
			"from": [7.5, 16.5, 7.9],
			"to": [8, 18.5, 8.4],
			"rotation": {"angle": 0, "axis": "y", "origin": [7.5, 7.5, 7.5]},
			"faces": {
				"north": {"uv": [4, 0, 5, 2], "texture": "#3"},
				"east": {"uv": [4, 2, 5, 4], "texture": "#3"},
				"south": {"uv": [4, 4, 5, 6], "texture": "#3"},
				"west": {"uv": [5, 0, 6, 2], "texture": "#3"},
				"up": {"uv": [15, 3, 14, 2], "texture": "#3"},
				"down": {"uv": [15, 3, 14, 4], "texture": "#3"}
			}
		},
		{
			"name": "leave",
			"from": [7.475, 18.675, 7],
			"to": [7.725, 18.925, 7.05],
			"rotation": {"angle": 0, "axis": "y", "origin": [7.875, 7.875, 7.875]},
			"faces": {
				"north": {"uv": [13, 10, 14, 11], "texture": "#3"},
				"east": {"uv": [11, 13, 12, 14], "texture": "#3"},
				"south": {"uv": [13, 11, 14, 12], "texture": "#3"},
				"west": {"uv": [12, 13, 13, 14], "texture": "#3"},
				"up": {"uv": [14, 13, 13, 12], "texture": "#3"},
				"down": {"uv": [14, 13, 13, 14], "texture": "#3"}
			}
		},
		{
			"name": "leave",
			"from": [7.425, 18.575, 7.775],
			"to": [7.475, 18.825, 8.025],
			"rotation": {"angle": 0, "axis": "z", "origin": [7.875, 7.875, 7.875]},
			"faces": {
				"north": {"uv": [13, 7, 14, 8], "texture": "#3"},
				"east": {"uv": [8, 13, 9, 14], "texture": "#3"},
				"south": {"uv": [13, 8, 14, 9], "texture": "#3"},
				"west": {"uv": [9, 13, 10, 14], "texture": "#3"},
				"up": {"uv": [14, 10, 13, 9], "texture": "#3"},
				"down": {"uv": [11, 13, 10, 14], "texture": "#3"}
			}
		},
		{
			"name": "leave",
			"from": [7.475, 18.725, 7.725],
			"to": [7.525, 18.875, 7.875],
			"rotation": {"angle": 0, "axis": "z", "origin": [7.875, 7.875, 7.875]},
			"faces": {
				"north": {"uv": [13, 7, 14, 8], "texture": "#3"},
				"east": {"uv": [8, 13, 9, 14], "texture": "#3"},
				"south": {"uv": [13, 8, 14, 9], "texture": "#3"},
				"west": {"uv": [9, 13, 10, 14], "texture": "#3"},
				"up": {"uv": [14, 10, 13, 9], "texture": "#3"},
				"down": {"uv": [11, 13, 10, 14], "texture": "#3"}
			}
		},
		{
			"name": "leave",
			"from": [7.375, 18.325, 9.2],
			"to": [7.425, 18.525, 9.4],
			"rotation": {"angle": 0, "axis": "z", "origin": [7.875, 7.875, 7.875]},
			"faces": {
				"north": {"uv": [7, 14, 8, 15], "texture": "#3"},
				"east": {"uv": [14, 7, 15, 8], "texture": "#3"},
				"south": {"uv": [8, 14, 9, 15], "texture": "#3"},
				"west": {"uv": [14, 8, 15, 9], "texture": "#3"},
				"up": {"uv": [10, 15, 9, 14], "texture": "#3"},
				"down": {"uv": [15, 9, 14, 10], "texture": "#3"}
			}
		},
		{
			"name": "leave",
			"from": [7.45, 18.15, 9.075],
			"to": [7.5, 18.4, 9.325],
			"rotation": {"angle": 0, "axis": "z", "origin": [7.875, 7.875, 7.875]},
			"faces": {
				"north": {"uv": [4, 14, 5, 15], "texture": "#3"},
				"east": {"uv": [14, 4, 15, 5], "texture": "#3"},
				"south": {"uv": [5, 14, 6, 15], "texture": "#3"},
				"west": {"uv": [14, 5, 15, 6], "texture": "#3"},
				"up": {"uv": [7, 15, 6, 14], "texture": "#3"},
				"down": {"uv": [15, 6, 14, 7], "texture": "#3"}
			}
		},
		{
			"name": "leave",
			"from": [6.65, 18.35, 8.275],
			"to": [6.7, 18.6, 8.525],
			"rotation": {"angle": 0, "axis": "z", "origin": [7.875, 7.875, 7.875]},
			"faces": {
				"north": {"uv": [12, 12, 13, 13], "texture": "#3"},
				"east": {"uv": [13, 0, 14, 1], "texture": "#3"},
				"south": {"uv": [13, 1, 14, 2], "texture": "#3"},
				"west": {"uv": [13, 2, 14, 3], "texture": "#3"},
				"up": {"uv": [14, 4, 13, 3], "texture": "#3"},
				"down": {"uv": [5, 13, 4, 14], "texture": "#3"}
			}
		},
		{
			"name": "leave",
			"from": [7.6, 18.45, 7.1],
			"to": [7.65, 18.7, 7.35],
			"rotation": {"angle": 0, "axis": "z", "origin": [7.875, 7.875, 7.875]},
			"faces": {
				"north": {"uv": [12, 12, 13, 13], "texture": "#3"},
				"east": {"uv": [13, 0, 14, 1], "texture": "#3"},
				"south": {"uv": [13, 1, 14, 2], "texture": "#3"},
				"west": {"uv": [13, 2, 14, 3], "texture": "#3"},
				"up": {"uv": [14, 4, 13, 3], "texture": "#3"},
				"down": {"uv": [5, 13, 4, 14], "texture": "#3"}
			}
		},
		{
			"name": "leave",
			"from": [7.05, 18.15, 7.9],
			"to": [7.3, 18.4, 7.95],
			"rotation": {"angle": 0, "axis": "y", "origin": [7.875, 7.875, 7.875]},
			"faces": {
				"north": {"uv": [13, 14, 14, 15], "texture": "#3"},
				"east": {"uv": [14, 13, 15, 14], "texture": "#3"},
				"south": {"uv": [14, 14, 15, 15], "texture": "#3"},
				"west": {"uv": [0, 15, 1, 16], "texture": "#3"},
				"up": {"uv": [16, 1, 15, 0], "texture": "#3"},
				"down": {"uv": [2, 15, 1, 16], "texture": "#3"}
			}
		},
		{
			"name": "leave",
			"from": [6.95, 18.175, 8.7],
			"to": [7.2, 18.425, 8.75],
			"rotation": {"angle": 0, "axis": "y", "origin": [7.875, 7.875, 7.875]},
			"faces": {
				"north": {"uv": [9, 12, 10, 13], "texture": "#3"},
				"east": {"uv": [12, 9, 13, 10], "texture": "#3"},
				"south": {"uv": [10, 12, 11, 13], "texture": "#3"},
				"west": {"uv": [12, 10, 13, 11], "texture": "#3"},
				"up": {"uv": [12, 13, 11, 12], "texture": "#3"},
				"down": {"uv": [13, 11, 12, 12], "texture": "#3"}
			}
		},
		{
			"name": "leave",
			"from": [7.025, 18.325, 8.75],
			"to": [7.275, 18.575, 8.8],
			"rotation": {"angle": 0, "axis": "y", "origin": [7.875, 7.875, 7.875]},
			"faces": {
				"north": {"uv": [9, 12, 10, 13], "texture": "#3"},
				"east": {"uv": [12, 9, 13, 10], "texture": "#3"},
				"south": {"uv": [10, 12, 11, 13], "texture": "#3"},
				"west": {"uv": [12, 10, 13, 11], "texture": "#3"},
				"up": {"uv": [12, 13, 11, 12], "texture": "#3"},
				"down": {"uv": [13, 11, 12, 12], "texture": "#3"}
			}
		},
		{
			"name": "leave",
			"from": [7.975, 16.975, 8.5],
			"to": [8.025, 17.225, 8.75],
			"rotation": {"angle": 0, "axis": "y", "origin": [7.875, 7.875, 7.875]},
			"faces": {
				"north": {"uv": [10, 14, 11, 15], "texture": "#3"},
				"east": {"uv": [14, 10, 15, 11], "texture": "#3"},
				"south": {"uv": [11, 14, 12, 15], "texture": "#3"},
				"west": {"uv": [14, 11, 15, 12], "texture": "#3"},
				"up": {"uv": [13, 15, 12, 14], "texture": "#3"},
				"down": {"uv": [15, 12, 14, 13], "texture": "#3"}
			}
		},
		{
			"name": "leave",
			"from": [7.9, 17.075, 8.4],
			"to": [7.95, 17.325, 8.65],
			"rotation": {"angle": 0, "axis": "y", "origin": [7.875, 7.875, 7.875]},
			"faces": {
				"north": {"uv": [6, 12, 7, 13], "texture": "#3"},
				"east": {"uv": [12, 6, 13, 7], "texture": "#3"},
				"south": {"uv": [7, 12, 8, 13], "texture": "#3"},
				"west": {"uv": [12, 7, 13, 8], "texture": "#3"},
				"up": {"uv": [9, 13, 8, 12], "texture": "#3"},
				"down": {"uv": [13, 8, 12, 9], "texture": "#3"}
			}
		},
		{
			"name": "leave",
			"from": [7.775, 17.5, 8.475],
			"to": [8.025, 17.55, 8.725],
			"rotation": {"angle": 0, "axis": "y", "origin": [7.875, 7.875, 7.875]},
			"faces": {
				"north": {"uv": [12, 2, 13, 3], "texture": "#3"},
				"east": {"uv": [12, 3, 13, 4], "texture": "#3"},
				"south": {"uv": [4, 12, 5, 13], "texture": "#3"},
				"west": {"uv": [12, 4, 13, 5], "texture": "#3"},
				"up": {"uv": [6, 13, 5, 12], "texture": "#3"},
				"down": {"uv": [13, 5, 12, 6], "texture": "#3"}
			}
		},
		{
			"name": "leave",
			"from": [7.9, 18.875, 8.875],
			"to": [7.95, 19.125, 9.125],
			"rotation": {"angle": 0, "axis": "y", "origin": [7.875, 7.875, 7.875]},
			"faces": {
				"north": {"uv": [11, 9, 12, 10], "texture": "#3"},
				"east": {"uv": [10, 11, 11, 12], "texture": "#3"},
				"south": {"uv": [11, 10, 12, 11], "texture": "#3"},
				"west": {"uv": [11, 11, 12, 12], "texture": "#3"},
				"up": {"uv": [13, 1, 12, 0], "texture": "#3"},
				"down": {"uv": [13, 1, 12, 2], "texture": "#3"}
			}
		}
	],
	"display": {
		"thirdperson_righthand": {
			"translation": [0.75, -6.75, 0.5],
			"scale": [2.3, 2.3, 2.3]
		},
		"thirdperson_lefthand": {
			"translation": [-0.25, -5.75, 0],
			"scale": [2.3, 2.3, 2.3]
		},
		"firstperson_righthand": {
			"rotation": [0, 12, 0],
			"translation": [1.75, -10, 0],
			"scale": [2, 2, 2]
		},
		"firstperson_lefthand": {
			"rotation": [0, 12, 0],
			"translation": [1.75, -10, 0],
			"scale": [2, 2, 2]
		},
		"ground": {
			"rotation": [-65, -99, 1]
		},
		"gui": {
			"rotation": [59, 51, -78],
			"translation": [-2.25, -2.5, -1.75],
			"scale": [3.04, 1.02, 2.66]
		},
		"fixed": {
			"rotation": [0, -81, 0],
			"translation": [0, -1.75, 0]
		}
	},
	"groups": [
		{
			"name": "branch_1",
			"origin": [7.5, 7.5, 7.5],
			"children": [0, 1, 2, 3, 4, 5]
		},
		{
			"name": "branch_2",
			"origin": [7.5, 7.5, 7.5],
			"children": [6, 7]
		},
		{
			"name": "branch_3",
			"origin": [7.5, 7.5, 7.5],
			"children": [8, 9, 10, 11, 12]
		},
		{
			"name": "branch_4",
			"origin": [7.5, 7.5, 7.5],
			"children": [13, 14, 15]
		}, 16,
		{
			"name": "base",
			"origin": [7.5, 7.5, 7.5],
			"children": [17, 18]
		},
		{
			"name": "leaves",
			"origin": [7.875, 7.875, 7.875],
			"children": [19, 20, 21, 22, 23, 24, 25, 26, 27, 28, 29, 30, 31, 32]
		}
	]
}