{
	"credit": "Made with Blockbench",
	"textures": {
		"1": "items/masters_katana_reworked",
		"particle": "items/orange"
	},
	"elements": [
		{
			"from": [7.5, 7.5, 7.5],
			"to": [8.5, 9.5, 8.5],
			"rotation": {"angle": 0, "axis": "y", "origin": [8, 8, 8]},
			"faces": {
				"north": {"uv": [13, 0, 14, 2], "texture": "#1"},
				"east": {"uv": [13, 2, 14, 4], "texture": "#1"},
				"south": {"uv": [3, 13, 4, 15], "texture": "#1"},
				"west": {"uv": [4, 13, 5, 15], "texture": "#1"},
				"up": {"uv": [14, 7, 13, 6], "texture": "#1"},
				"down": {"uv": [14, 7, 13, 8], "texture": "#1"}
			}
		},
		{
			"from": [7.5, 7.5, 7.5],
			"to": [8.5, 9.5, 8.5],
			"rotation": {"angle": 0, "axis": "y", "origin": [8, 8, 8]},
			"faces": {
				"north": {"uv": [13, 0, 14, 2], "texture": "#1"},
				"east": {"uv": [13, 2, 14, 4], "texture": "#1"},
				"south": {"uv": [3, 13, 4, 15], "texture": "#1"},
				"west": {"uv": [4, 13, 5, 15], "texture": "#1"},
				"up": {"uv": [14, 7, 13, 6], "texture": "#1"},
				"down": {"uv": [14, 7, 13, 8], "texture": "#1"}
			}
		},
		{
			"from": [7.5, 7.5, 6.5],
			"to": [8.5, 10.5, 7.5],
			"rotation": {"angle": 0, "axis": "y", "origin": [8, 8, 8]},
			"faces": {
				"north": {"uv": [3, 4, 4, 7], "texture": "#1"},
				"east": {"uv": [4, 4, 5, 7], "texture": "#1"},
				"south": {"uv": [5, 0, 6, 3], "texture": "#1"},
				"west": {"uv": [5, 3, 6, 6], "texture": "#1"},
				"up": {"uv": [14, 9, 13, 8], "texture": "#1"},
				"down": {"uv": [14, 9, 13, 10], "texture": "#1"}
			}
		},
		{
			"from": [7.5, 8.5, 5.5],
			"to": [8.5, 11.5, 6.5],
			"rotation": {"angle": 0, "axis": "y", "origin": [8, 8, 8]},
			"faces": {
				"north": {"uv": [6, 0, 7, 3], "texture": "#1"},
				"east": {"uv": [6, 3, 7, 6], "texture": "#1"},
				"south": {"uv": [5, 6, 6, 9], "texture": "#1"},
				"west": {"uv": [6, 6, 7, 9], "texture": "#1"},
				"up": {"uv": [14, 11, 13, 10], "texture": "#1"},
				"down": {"uv": [14, 11, 13, 12], "texture": "#1"}
			}
		},
		{
			"from": [7.5, 10.5, 3.5],
			"to": [8.5, 13.5, 4.5],
			"rotation": {"angle": 0, "axis": "y", "origin": [8, 8, 8]},
			"faces": {
				"north": {"uv": [7, 0, 8, 3], "texture": "#1"},
				"east": {"uv": [3, 7, 4, 10], "texture": "#1"},
				"south": {"uv": [7, 3, 8, 6], "texture": "#1"},
				"west": {"uv": [4, 7, 5, 10], "texture": "#1"},
				"up": {"uv": [14, 13, 13, 12], "texture": "#1"},
				"down": {"uv": [14, 13, 13, 14], "texture": "#1"}
			}
		},
		{
			"from": [7.5, 9.5, 4.5],
			"to": [8.5, 13.5, 5.5],
			"rotation": {"angle": 0, "axis": "y", "origin": [8, 8, 8]},
			"faces": {
				"north": {"uv": [0, 0, 1, 4], "texture": "#1"},
				"east": {"uv": [1, 0, 2, 4], "texture": "#1"},
				"south": {"uv": [2, 0, 3, 4], "texture": "#1"},
				"west": {"uv": [3, 0, 4, 4], "texture": "#1"},
				"up": {"uv": [14, 5, 13, 4], "texture": "#1"},
				"down": {"uv": [14, 5, 13, 6], "texture": "#1"}
			}
		},
		{
			"from": [7.5, 15.5, -1.5],
			"to": [8.5, 18.5, -0.5],
			"rotation": {"angle": 0, "axis": "y", "origin": [8, 8, 8]},
			"faces": {
				"north": {"uv": [7, 6, 8, 9], "texture": "#1"},
				"east": {"uv": [0, 8, 1, 11], "texture": "#1"},
				"south": {"uv": [8, 0, 9, 3], "texture": "#1"},
				"west": {"uv": [1, 8, 2, 11], "texture": "#1"},
				"up": {"uv": [1, 15, 0, 14], "texture": "#1"},
				"down": {"uv": [15, 0, 14, 1], "texture": "#1"}
			}
		},
		{
			"from": [7.5, 14.5, -0.5],
			"to": [8.5, 17.5, 0.5],
			"rotation": {"angle": 0, "axis": "y", "origin": [8, 8, 8]},
			"faces": {
				"north": {"uv": [2, 8, 3, 11], "texture": "#1"},
				"east": {"uv": [8, 3, 9, 6], "texture": "#1"},
				"south": {"uv": [8, 6, 9, 9], "texture": "#1"},
				"west": {"uv": [9, 0, 10, 3], "texture": "#1"},
				"up": {"uv": [2, 15, 1, 14], "texture": "#1"},
				"down": {"uv": [15, 1, 14, 2], "texture": "#1"}
			}
		},
		{
			"from": [7.5, 13.5, 0.5],
			"to": [8.5, 16.5, 1.5],
			"rotation": {"angle": 0, "axis": "y", "origin": [8, 8, 8]},
			"faces": {
				"north": {"uv": [9, 3, 10, 6], "texture": "#1"},
				"east": {"uv": [5, 9, 6, 12], "texture": "#1"},
				"south": {"uv": [6, 9, 7, 12], "texture": "#1"},
				"west": {"uv": [9, 6, 10, 9], "texture": "#1"},
				"up": {"uv": [3, 15, 2, 14], "texture": "#1"},
				"down": {"uv": [15, 2, 14, 3], "texture": "#1"}
			}
		},
		{
			"from": [7.5, 12.5, 1.5],
			"to": [8.5, 15.5, 2.5],
			"rotation": {"angle": 0, "axis": "y", "origin": [8, 8, 8]},
			"faces": {
				"north": {"uv": [7, 9, 8, 12], "texture": "#1"},
				"east": {"uv": [8, 9, 9, 12], "texture": "#1"},
				"south": {"uv": [9, 9, 10, 12], "texture": "#1"},
				"west": {"uv": [10, 0, 11, 3], "texture": "#1"},
				"up": {"uv": [15, 4, 14, 3], "texture": "#1"},
				"down": {"uv": [15, 4, 14, 5], "texture": "#1"}
			}
		},
		{
			"from": [7.5, 10.5, 2.5],
			"to": [8.5, 14.5, 3.5],
			"rotation": {"angle": 0, "axis": "y", "origin": [8, 8, 8]},
			"faces": {
				"north": {"uv": [0, 4, 1, 8], "texture": "#1"},
				"east": {"uv": [4, 0, 5, 4], "texture": "#1"},
				"south": {"uv": [1, 4, 2, 8], "texture": "#1"},
				"west": {"uv": [2, 4, 3, 8], "texture": "#1"},
				"up": {"uv": [15, 6, 14, 5], "texture": "#1"},
				"down": {"uv": [15, 6, 14, 7], "texture": "#1"}
			}
		},
		{
			"from": [7.5, 16.5, -2.5],
			"to": [8.5, 19.5, -1.5],
			"rotation": {"angle": 0, "axis": "y", "origin": [8, 8, 8]},
			"faces": {
				"north": {"uv": [3, 10, 4, 13], "texture": "#1"},
				"east": {"uv": [10, 3, 11, 6], "texture": "#1"},
				"south": {"uv": [4, 10, 5, 13], "texture": "#1"},
				"west": {"uv": [10, 6, 11, 9], "texture": "#1"},
				"up": {"uv": [15, 8, 14, 7], "texture": "#1"},
				"down": {"uv": [15, 8, 14, 9], "texture": "#1"}
			}
		},
		{
			"from": [7.5, 17.5, -3.5],
			"to": [8.5, 20.5, -2.5],
			"rotation": {"angle": 0, "axis": "y", "origin": [8, 8, 8]},
			"faces": {
				"north": {"uv": [10, 9, 11, 12], "texture": "#1"},
				"east": {"uv": [0, 11, 1, 14], "texture": "#1"},
				"south": {"uv": [11, 0, 12, 3], "texture": "#1"},
				"west": {"uv": [1, 11, 2, 14], "texture": "#1"},
				"up": {"uv": [15, 10, 14, 9], "texture": "#1"},
				"down": {"uv": [15, 10, 14, 11], "texture": "#1"}
			}
		},
		{
			"from": [7.5, 18.5, -4.5],
			"to": [8.5, 21.5, -3.5],
			"rotation": {"angle": 0, "axis": "y", "origin": [8, 8, 8]},
			"faces": {
				"north": {"uv": [2, 11, 3, 14], "texture": "#1"},
				"east": {"uv": [11, 3, 12, 6], "texture": "#1"},
				"south": {"uv": [11, 6, 12, 9], "texture": "#1"},
				"west": {"uv": [11, 9, 12, 12], "texture": "#1"},
				"up": {"uv": [15, 12, 14, 11], "texture": "#1"},
				"down": {"uv": [15, 12, 14, 13], "texture": "#1"}
			}
		},
		{
			"from": [7.5, 19.5, -5.5],
			"to": [8.5, 22.5, -4.5],
			"rotation": {"angle": 0, "axis": "y", "origin": [8, 8, 8]},
			"faces": {
				"north": {"uv": [12, 0, 13, 3], "texture": "#1"},
				"east": {"uv": [12, 3, 13, 6], "texture": "#1"},
				"south": {"uv": [5, 12, 6, 15], "texture": "#1"},
				"west": {"uv": [6, 12, 7, 15], "texture": "#1"},
				"up": {"uv": [14, 15, 13, 14], "texture": "#1"},
				"down": {"uv": [15, 13, 14, 14], "texture": "#1"}
			}
		},
		{
			"from": [7.5, 20.5, -6.5],
			"to": [8.5, 23.5, -5.5],
			"rotation": {"angle": 0, "axis": "y", "origin": [8, 8, 8]},
			"faces": {
				"north": {"uv": [12, 6, 13, 9], "texture": "#1"},
				"east": {"uv": [7, 12, 8, 15], "texture": "#1"},
				"south": {"uv": [8, 12, 9, 15], "texture": "#1"},
				"west": {"uv": [9, 12, 10, 15], "texture": "#1"},
				"up": {"uv": [15, 15, 14, 14], "texture": "#1"},
				"down": {"uv": [1, 15, 0, 16], "texture": "#1"}
			}
		},
		{
			"from": [7.5, 21.5, -7.5],
			"to": [8.5, 24.5, -6.5],
			"rotation": {"angle": 0, "axis": "y", "origin": [8, 8, 8]},
			"faces": {
				"north": {"uv": [12, 9, 13, 12], "texture": "#1"},
				"east": {"uv": [10, 12, 11, 15], "texture": "#1"},
				"south": {"uv": [11, 12, 12, 15], "texture": "#1"},
				"west": {"uv": [12, 12, 13, 15], "texture": "#1"},
				"up": {"uv": [16, 1, 15, 0], "texture": "#1"},
				"down": {"uv": [2, 15, 1, 16], "texture": "#1"}
			}
		}
	],
	"display": {
		"thirdperson_righthand": {
			"rotation": [45, 0, 0],
			"translation": [0, -5.25, 1.5]
		},
		"thirdperson_lefthand": {
			"rotation": [45, 0, 0],
			"translation": [0, -5.25, 1.5]
		},
		"firstperson_righthand": {
			"rotation": [50, 0, 0],
			"translation": [2.5, -4, 0],
			"scale": [0.8, 0.8, 0.8]
		},
		"firstperson_lefthand": {
			"rotation": [50, 0, 0],
			"translation": [2.5, -4, 0],
			"scale": [0.8, 0.8, 0.8]
		},
		"ground": {
			"translation": [0, 0.75, 1.5],
			"scale": [0.5, 0.5, 0.5]
		},
		"gui": {
			"rotation": [0, -90, 0],
			"translation": [-7.5, -8, 0]
		},
		"head": {
			"translation": [0, 8, 0]
		},
		"fixed": {
			"rotation": [0, 90, 0],
			"translation": [7.5, -8, 0]
		}
	},
	"groups": [
		{
			"name": "group",
			"origin": [8, 8, 8],
			"color": 6,
			"children": [0, 1, 2, 3, 4, 5, 6, 7, 8, 9, 10, 11, 12, 13, 14, 15, 16]
		}
	]
}