{
	"credit": "Made with Blockbench",
	"texture_size": [64, 64],
	"textures": {
		"3": "items/texture_custom_shield",
		"particle": "items/wood_color"
	},
	"elements": [
		{
			"name": "Cube",
			"from": [2, 0, 11],
			"to": [14, 22, 12],
			"faces": {
				"north": {"uv": [0, 0, 3, 5.5], "texture": "#3"},
				"east": {"uv": [3, 5.5, 3.25, 11], "texture": "#3"},
				"south": {"uv": [3, 0, 6, 5.5], "texture": "#3"},
				"west": {"uv": [3.25, 5.5, 3.5, 11], "texture": "#3"},
				"up": {"uv": [8.5, 5.75, 5.5, 5.5], "texture": "#3"},
				"down": {"uv": [8.5, 5.75, 5.5, 6], "texture": "#3"}
			}
		},
		{
			"name": "Cube",
			"from": [7, 10.9, 5],
			"to": [9, 16.9, 11],
			"faces": {
				"north": {"uv": [6, 0, 6.5, 1.5], "texture": "#3"},
				"east": {"uv": [0, 5.5, 1.5, 7], "texture": "#3"},
				"south": {"uv": [6, 1.5, 6.5, 3], "texture": "#3"},
				"west": {"uv": [1.5, 5.5, 3, 7], "texture": "#3"},
				"up": {"uv": [6.5, 4.5, 6, 3], "texture": "#3"},
				"down": {"uv": [6, 6, 5.5, 7.5], "texture": "#3"}
			}
		},
		{
			"from": [1, 5, 11],
			"to": [2, 23, 12],
			"faces": {
				"north": {"uv": [3.5, 5.5, 3.75, 10], "texture": "#3"},
				"east": {"uv": [3.75, 5.5, 4, 10], "texture": "#3"},
				"south": {"uv": [4, 5.5, 4.25, 10], "texture": "#3"},
				"west": {"uv": [4.25, 5.5, 4.5, 10], "texture": "#3"},
				"up": {"uv": [6.75, 4, 6.5, 3.75], "texture": "#3"},
				"down": {"uv": [6.75, 4, 6.5, 4.25], "texture": "#3"}
			}
		},
		{
			"from": [14, 5, 11],
			"to": [15, 23, 12],
			"faces": {
				"north": {"uv": [4.5, 5.5, 4.75, 10], "texture": "#3"},
				"east": {"uv": [4.75, 5.5, 5, 10], "texture": "#3"},
				"south": {"uv": [5, 5.5, 5.25, 10], "texture": "#3"},
				"west": {"uv": [5.25, 5.5, 5.5, 10], "texture": "#3"},
				"up": {"uv": [7, 3, 6.75, 2.75], "texture": "#3"},
				"down": {"uv": [7, 3, 6.75, 3.25], "texture": "#3"}
			}
		},
		{
			"from": [4, -1, 11],
			"to": [12, 0, 12],
			"faces": {
				"north": {"uv": [6, 4.5, 8, 4.75], "texture": "#3"},
				"east": {"uv": [6.5, 4.25, 6.75, 4.5], "texture": "#3"},
				"south": {"uv": [6, 4.75, 8, 5], "texture": "#3"},
				"west": {"uv": [6.75, 2.5, 7, 2.75], "texture": "#3"},
				"up": {"uv": [8, 5.25, 6, 5], "texture": "#3"},
				"down": {"uv": [8, 5.25, 6, 5.5], "texture": "#3"}
			}
		},
		{
			"from": [0, 18, 11],
			"to": [1, 23, 12],
			"faces": {
				"north": {"uv": [6.5, 2.5, 6.75, 3.75], "texture": "#3"},
				"east": {"uv": [6.5, 6, 6.75, 7.25], "texture": "#3"},
				"south": {"uv": [6.75, 0, 7, 1.25], "texture": "#3"},
				"west": {"uv": [6.75, 1.25, 7, 2.5], "texture": "#3"},
				"up": {"uv": [7, 4, 6.75, 3.75], "texture": "#3"},
				"down": {"uv": [7, 4, 6.75, 4.25], "texture": "#3"}
			}
		},
		{
			"from": [15, 18, 11],
			"to": [16, 23, 12],
			"faces": {
				"north": {"uv": [6, 6, 6.25, 7.25], "texture": "#3"},
				"east": {"uv": [6.25, 6, 6.5, 7.25], "texture": "#3"},
				"south": {"uv": [6.5, 0, 6.75, 1.25], "texture": "#3"},
				"west": {"uv": [6.5, 1.25, 6.75, 2.5], "texture": "#3"},
				"up": {"uv": [7, 3.5, 6.75, 3.25], "texture": "#3"},
				"down": {"uv": [7, 3.5, 6.75, 3.75], "texture": "#3"}
			}
		}
	],
	"display": {
		"thirdperson_righthand": {
			"rotation": [35, 165, 0],
			"translation": [0, -6, -1]
		},
		"thirdperson_lefthand": {
			"rotation": [37, 165, 0],
			"translation": [0.25, -6.75, -1.25]
		},
		"firstperson_righthand": {
			"rotation": [0, 180, -5],
			"translation": [-1.5, -11, 2.75],
			"scale": [1.25, 1.25, 1.25]
		},
		"firstperson_lefthand": {
			"rotation": [0, 180, -5],
			"translation": [-1.75, -11, 2.75],
			"scale": [1.25, 1.25, 1.25]
		},
		"ground": {
			"translation": [0, 4, 0],
			"scale": [0.25, 0.25, 0.25]
		},
		"gui": {
			"rotation": [15, -25, -5],
			"translation": [0.5, -1.75, 0],
			"scale": [0.55, 0.55, 0.55]
		},
		"fixed": {
			"rotation": [0, 180, 0],
			"scale": [0.5, 0.5, 0.5]
		}
	}
}