{
	"credit": "Made with Blockbench",
	"texture_size": [32, 32],
	"textures": {
		"1": "items/parry_sword",
		"particle": "items/parry_sword"
	},
	"elements": [
		{
			"from": [7.5, 6, 8],
			"to": [8.5, 9, 9],
			"rotation": {"angle": 0, "axis": "y", "origin": [8, 8, 8]},
			"faces": {
				"north": {"uv": [7, 0, 7.5, 1.5], "texture": "#1"},
				"east": {"uv": [7, 1.5, 7.5, 3], "texture": "#1"},
				"south": {"uv": [7, 3, 7.5, 4.5], "texture": "#1"},
				"west": {"uv": [7, 4.5, 7.5, 6], "texture": "#1"},
				"up": {"uv": [8.5, 2.5, 8, 2], "texture": "#1"},
				"down": {"uv": [3, 8, 2.5, 8.5], "texture": "#1"}
			}
		},
		{
			"from": [7.5, 6, 7],
			"to": [8.5, 9, 8],
			"rotation": {"angle": 0, "axis": "y", "origin": [8, 8, 8]},
			"faces": {
				"north": {"uv": [7, 6, 7.5, 7.5], "texture": "#1"},
				"east": {"uv": [7.5, 0, 8, 1.5], "texture": "#1"},
				"south": {"uv": [7.5, 1.5, 8, 3], "texture": "#1"},
				"west": {"uv": [7.5, 3, 8, 4.5], "texture": "#1"},
				"up": {"uv": [8.5, 3, 8, 2.5], "texture": "#1"},
				"down": {"uv": [3.5, 8, 3, 8.5], "texture": "#1"}
			}
		},
		{
			"from": [7.5, 6, 6],
			"to": [8.5, 10, 7],
			"rotation": {"angle": 0, "axis": "y", "origin": [8, 8, 8]},
			"faces": {
				"north": {"uv": [2, 6, 2.5, 8], "texture": "#1"},
				"east": {"uv": [6, 2.5, 6.5, 4.5], "texture": "#1"},
				"south": {"uv": [6, 4.5, 6.5, 6.5], "texture": "#1"},
				"west": {"uv": [6.5, 0, 7, 2], "texture": "#1"},
				"up": {"uv": [8.5, 3.5, 8, 3], "texture": "#1"},
				"down": {"uv": [8.5, 3.5, 8, 4], "texture": "#1"}
			}
		},
		{
			"from": [7.5, 8, 5],
			"to": [8.5, 11, 6],
			"rotation": {"angle": 0, "axis": "y", "origin": [8, 8, 8]},
			"faces": {
				"north": {"uv": [3.5, 7.5, 4, 9], "texture": "#1"},
				"east": {"uv": [4, 7.5, 4.5, 9], "texture": "#1"},
				"south": {"uv": [4.5, 7.5, 5, 9], "texture": "#1"},
				"west": {"uv": [7.5, 4.5, 8, 6], "texture": "#1"},
				"up": {"uv": [8.5, 4.5, 8, 4], "texture": "#1"},
				"down": {"uv": [8.5, 4.5, 8, 5], "texture": "#1"}
			}
		},
		{
			"from": [7.5, 9, 4],
			"to": [8.5, 15, 5],
			"rotation": {"angle": 0, "axis": "y", "origin": [8, 8, 8]},
			"faces": {
				"north": {"uv": [2, 0, 2.5, 3], "texture": "#1"},
				"east": {"uv": [2.5, 0, 3, 3], "texture": "#1"},
				"south": {"uv": [3, 0, 3.5, 3], "texture": "#1"},
				"west": {"uv": [2, 3, 2.5, 6], "texture": "#1"},
				"up": {"uv": [8.5, 5.5, 8, 5], "texture": "#1"},
				"down": {"uv": [8.5, 5.5, 8, 6], "texture": "#1"}
			}
		},
		{
			"from": [7.5, 13, 5],
			"to": [8.5, 15, 6],
			"rotation": {"angle": 0, "axis": "y", "origin": [8, 8, 8]},
			"faces": {
				"north": {"uv": [5, 7.5, 5.5, 8.5], "texture": "#1"},
				"east": {"uv": [5.5, 7.5, 6, 8.5], "texture": "#1"},
				"south": {"uv": [7.5, 6, 8, 7], "texture": "#1"},
				"west": {"uv": [7, 7.5, 7.5, 8.5], "texture": "#1"},
				"up": {"uv": [8.5, 6.5, 8, 6], "texture": "#1"},
				"down": {"uv": [7, 8, 6.5, 8.5], "texture": "#1"}
			}
		},
		{
			"from": [7.5, 10, 3],
			"to": [8.5, 14, 4],
			"rotation": {"angle": 0, "axis": "y", "origin": [8, 8, 8]},
			"faces": {
				"north": {"uv": [6.5, 2, 7, 4], "texture": "#1"},
				"east": {"uv": [6.5, 4, 7, 6], "texture": "#1"},
				"south": {"uv": [6, 6.5, 6.5, 8.5], "texture": "#1"},
				"west": {"uv": [6.5, 6, 7, 8], "texture": "#1"},
				"up": {"uv": [8.5, 7, 8, 6.5], "texture": "#1"},
				"down": {"uv": [8.5, 7, 8, 7.5], "texture": "#1"}
			}
		},
		{
			"from": [7.5, 10, 2],
			"to": [8.5, 15, 3],
			"rotation": {"angle": 0, "axis": "y", "origin": [8, 8, 8]},
			"faces": {
				"north": {"uv": [2.5, 3, 3, 5.5], "texture": "#1"},
				"east": {"uv": [3, 3, 3.5, 5.5], "texture": "#1"},
				"south": {"uv": [0, 3.5, 0.5, 6], "texture": "#1"},
				"west": {"uv": [3.5, 0, 4, 2.5], "texture": "#1"},
				"up": {"uv": [8, 8.5, 7.5, 8], "texture": "#1"},
				"down": {"uv": [8.5, 7.5, 8, 8], "texture": "#1"}
			}
		},
		{
			"from": [7.5, 9, 1],
			"to": [8.5, 16, 2],
			"rotation": {"angle": 0, "axis": "y", "origin": [8, 8, 8]},
			"faces": {
				"north": {"uv": [0, 0, 0.5, 3.5], "texture": "#1"},
				"east": {"uv": [0.5, 0, 1, 3.5], "texture": "#1"},
				"south": {"uv": [1, 0, 1.5, 3.5], "texture": "#1"},
				"west": {"uv": [1.5, 0, 2, 3.5], "texture": "#1"},
				"up": {"uv": [8.5, 8.5, 8, 8], "texture": "#1"},
				"down": {"uv": [0.5, 8.5, 0, 9], "texture": "#1"}
			}
		},
		{
			"from": [7.5, 9, 0],
			"to": [8.5, 11, 1],
			"rotation": {"angle": 0, "axis": "y", "origin": [8, 8, 8]},
			"faces": {
				"north": {"uv": [7.5, 7, 8, 8], "texture": "#1"},
				"east": {"uv": [8, 0, 8.5, 1], "texture": "#1"},
				"south": {"uv": [8, 1, 8.5, 2], "texture": "#1"},
				"west": {"uv": [2, 8, 2.5, 9], "texture": "#1"},
				"up": {"uv": [9, 0.5, 8.5, 0], "texture": "#1"},
				"down": {"uv": [1, 8.5, 0.5, 9], "texture": "#1"}
			}
		},
		{
			"from": [7.5, 12, 0],
			"to": [8.5, 17, 1],
			"rotation": {"angle": 0, "axis": "y", "origin": [8, 8, 8]},
			"faces": {
				"north": {"uv": [0.5, 3.5, 1, 6], "texture": "#1"},
				"east": {"uv": [1, 3.5, 1.5, 6], "texture": "#1"},
				"south": {"uv": [1.5, 3.5, 2, 6], "texture": "#1"},
				"west": {"uv": [3.5, 2.5, 4, 5], "texture": "#1"},
				"up": {"uv": [9, 1, 8.5, 0.5], "texture": "#1"},
				"down": {"uv": [1.5, 8.5, 1, 9], "texture": "#1"}
			}
		},
		{
			"from": [7.5, 13, -1],
			"to": [8.5, 18, 0],
			"rotation": {"angle": 0, "axis": "y", "origin": [8, 8, 8]},
			"faces": {
				"north": {"uv": [4, 0, 4.5, 2.5], "texture": "#1"},
				"east": {"uv": [4, 2.5, 4.5, 5], "texture": "#1"},
				"south": {"uv": [4.5, 0, 5, 2.5], "texture": "#1"},
				"west": {"uv": [4.5, 2.5, 5, 5], "texture": "#1"},
				"up": {"uv": [9, 1.5, 8.5, 1], "texture": "#1"},
				"down": {"uv": [2, 8.5, 1.5, 9], "texture": "#1"}
			}
		},
		{
			"from": [7.5, 14, -2],
			"to": [8.5, 19, -1],
			"rotation": {"angle": 0, "axis": "y", "origin": [8, 8, 8]},
			"faces": {
				"north": {"uv": [5, 0, 5.5, 2.5], "texture": "#1"},
				"east": {"uv": [5, 2.5, 5.5, 5], "texture": "#1"},
				"south": {"uv": [3.5, 5, 4, 7.5], "texture": "#1"},
				"west": {"uv": [4, 5, 4.5, 7.5], "texture": "#1"},
				"up": {"uv": [9, 2, 8.5, 1.5], "texture": "#1"},
				"down": {"uv": [9, 2, 8.5, 2.5], "texture": "#1"}
			}
		},
		{
			"from": [7.5, 15, -3],
			"to": [8.5, 20, -2],
			"rotation": {"angle": 0, "axis": "y", "origin": [8, 8, 8]},
			"faces": {
				"north": {"uv": [4.5, 5, 5, 7.5], "texture": "#1"},
				"east": {"uv": [5, 5, 5.5, 7.5], "texture": "#1"},
				"south": {"uv": [5.5, 0, 6, 2.5], "texture": "#1"},
				"west": {"uv": [2.5, 5.5, 3, 8], "texture": "#1"},
				"up": {"uv": [3, 9, 2.5, 8.5], "texture": "#1"},
				"down": {"uv": [9, 2.5, 8.5, 3], "texture": "#1"}
			}
		},
		{
			"from": [7.5, 16, -4],
			"to": [8.5, 21, -3],
			"rotation": {"angle": 0, "axis": "y", "origin": [8, 8, 8]},
			"faces": {
				"north": {"uv": [5.5, 2.5, 6, 5], "texture": "#1"},
				"east": {"uv": [3, 5.5, 3.5, 8], "texture": "#1"},
				"south": {"uv": [5.5, 5, 6, 7.5], "texture": "#1"},
				"west": {"uv": [0, 6, 0.5, 8.5], "texture": "#1"},
				"up": {"uv": [3.5, 9, 3, 8.5], "texture": "#1"},
				"down": {"uv": [9, 3, 8.5, 3.5], "texture": "#1"}
			}
		},
		{
			"from": [7.5, 17, -5],
			"to": [8.5, 22, -4],
			"rotation": {"angle": 0, "axis": "y", "origin": [8, 8, 8]},
			"faces": {
				"north": {"uv": [6, 0, 6.5, 2.5], "texture": "#1"},
				"east": {"uv": [0.5, 6, 1, 8.5], "texture": "#1"},
				"south": {"uv": [1, 6, 1.5, 8.5], "texture": "#1"},
				"west": {"uv": [1.5, 6, 2, 8.5], "texture": "#1"},
				"up": {"uv": [9, 4, 8.5, 3.5], "texture": "#1"},
				"down": {"uv": [9, 4, 8.5, 4.5], "texture": "#1"}
			}
		}
	],
	"display": {
		"thirdperson_righthand": {
			"rotation": [47, 0, 0],
			"translation": [0.25, -4.75, 2.25]
		},
		"thirdperson_lefthand": {
			"rotation": [47, 0, 0],
			"translation": [0.25, -4.75, 2.25]
		},
		"firstperson_righthand": {
			"rotation": [60, 10, 0],
			"translation": [3, -5.25, -1],
			"scale": [0.8, 0.8, 0.8]
		},
		"firstperson_lefthand": {
			"rotation": [60, 10, 0],
			"translation": [3, -5.25, -1],
			"scale": [0.8, 0.8, 0.8]
		},
		"ground": {
			"translation": [0, 0.75, 0.75],
			"scale": [0.5, 0.5, 0.5]
		},
		"gui": {
			"rotation": [0, -90, 0],
			"translation": [-7, -6, 0]
		},
		"fixed": {
			"rotation": [0, 90, 0],
			"translation": [6.25, -5.75, 0]
		}
	},
	"groups": [
		{
			"name": "group",
			"origin": [8, 8, 8],
			"color": 0,
			"children": [0, 1, 2, 3, 4, 5, 6, 7, 8, 9, 10, 11, 12, 13, 14, 15]
		}
	]
}